{"stats":{"minecraft:killed":{"minecraft:pig":83},"minecraft:custom":{"minecraft:time_since_rest":255419,"minecraft:sprint_one_cm":139844,"minecraft:damage_taken":210,"minecraft:walk_one_cm":189264,"minecraft:mob_kills":83,"minecraft:drop":598,"minecraft:damage_dealt":8260,"minecraft:interact_with_crafting_table":1,"minecraft:fly_one_cm":1322240,"minecraft:open_chest":46,"minecraft:crouch_one_cm":19853,"minecraft:play_one_minute":255645,"minecraft:deaths":1,"minecraft:sneak_time":8233,"minecraft:jump":847,"minecraft:leave_game":6,"minecraft:time_since_death":255395},"minecraft:used":{"minecraft:oak_log":2,"minecraft:oak_fence":4,"minecraft:piston":1,"minecraft:writable_book":3,"minecraft:cyan_terracotta":111,"minecraft:cobblestone_stairs":10,"minecraft:stone_sword":6,"minecraft:coal_ore":9,"minecraft:flint_and_steel":23,"minecraft:command_block":3,"minecraft:grass_block":9,"minecraft:spruce_slab":82,"minecraft:stone_button":1,"minecraft:chest":20,"minecraft:cyan_concrete":2,"minecraft:sandstone":13,"minecraft:stone":82,"minecraft:cobblestone_slab":6,"minecraft:netherrack":9,"minecraft:debug_stick":37,"minecraft:torch":8,"minecraft:diamond_sword":152,"minecraft:wooden_sword":1,"minecraft:anvil":1,"minecraft:beef":1,"minecraft:hay_block":4,"minecraft:hopper":2,"minecraft:crafting_table":1,"minecraft:furnace":1,"minecraft:cooked_porkchop":7,"minecraft:andesite":22,"minecraft:chain_command_block":46,"minecraft:glass_pane":14,"minecraft:campfire":5,"minecraft:repeating_command_block":10,"minecraft:oak_wood":156,"minecraft:acacia_sapling":137,"minecraft:stripped_oak_log":123,"minecraft:bone_meal":221,"minecraft:oak_fence_gate":2,"minecraft:cyan_stained_glass":12},"minecraft:crafted":{"minecraft:wooden_sword":1},"minecraft:mined":{"minecraft:grass":1,"minecraft:grass_block":2},"minecraft:picked_up":{"minecraft:sandstone":2,"minecraft:stone":1,"minecraft:cooked_porkchop":126,"minecraft:porkchop":470,"minecraft:stone_button":1,"minecraft:dirt":2,"minecraft:stone_sword":1,"minecraft:command_block":1},"minecraft:dropped":{"minecraft:iron_ingot":1,"minecraft:porkchop":759,"minecraft:stone_sword":1,"minecraft:oak_wood":1,"minecraft:cooked_porkchop":50,"minecraft:spruce_slab":1,"minecraft:sandstone":2,"minecraft:command_block":1,"minecraft:flint":1}},"DataVersion":1976}